{
  "id": "1801872",
  "name": "租友",
  "font_family": "iconfont",
  "css_prefix_text": "icon-",
  "description": "",
  "glyphs": [
    {
      "icon_id": "12736666",
      "name": "返回",
      "font_class": "fanhui",
      "unicode": "e60a",
      "unicode_decimal": 58890
    },
    {
      "icon_id": "584251",
      "name": "右箭头",
      "font_class": "iconfontjiantou5",
      "unicode": "e635",
      "unicode_decimal": 58933
    },
    {
      "icon_id": "986225",
      "name": "微博",
      "font_class": "weibo-copy",
      "unicode": "e65a",
      "unicode_decimal": 58970
    },
    {
      "icon_id": "1021297",
      "name": "支付宝",
      "font_class": "big-Pay",
      "unicode": "e6ec",
      "unicode_decimal": 59116
    },
    {
      "icon_id": "1110423",
      "name": "微信",
      "font_class": "weixin",
      "unicode": "e615",
      "unicode_decimal": 58901
    },
    {
      "icon_id": "12759454",
      "name": "QQ",
      "font_class": "QQ",
      "unicode": "e609",
      "unicode_decimal": 58889
    },
    {
      "icon_id": "13451114",
      "name": "编辑",
      "font_class": "bianji",
      "unicode": "e647",
      "unicode_decimal": 58951
    },
    {
      "icon_id": "749783",
      "name": "首页",
      "font_class": "shouye",
      "unicode": "e60b",
      "unicode_decimal": 58891
    },
    {
      "icon_id": "1305463",
      "name": "查看",
      "font_class": "chakan",
      "unicode": "e63e",
      "unicode_decimal": 58942
    },
    {
      "icon_id": "5714891",
      "name": "消息",
      "font_class": "xiaoxi",
      "unicode": "e669",
      "unicode_decimal": 58985
    },
    {
      "icon_id": "6275287",
      "name": "我的",
      "font_class": "icon-test",
      "unicode": "e614",
      "unicode_decimal": 58900
    },
    {
      "icon_id": "7588112",
      "name": "搜索",
      "font_class": "sousuo",
      "unicode": "e622",
      "unicode_decimal": 58914
    },
    {
      "icon_id": "7674920",
      "name": "消息",
      "font_class": "xiaoxi1",
      "unicode": "e71c",
      "unicode_decimal": 59164
    }
  ]
}
